no;wealth;quintile;agechild;bord;agemother;ed;rural;region;reg;PSU;weight;male;zscore;zscore1
1;-0.87222;b;53;3;23;a;0;2;b;176;0.597329;1;-2.14;3.86
2;0.87258;e;43;1;17;b;1;5;e;678;0.504528;1;0.75;6.75
3;-1.42536;a;40;9;42;a;1;3;c;323;0.68715;0;-4.15;1.85
4;-1.23934;a;9;3;27;a;1;2;b;284;0.723496;0;0.09;6.09
5;-1.3089;a;39;7;31;a;1;3;c;464;0.850911;0;-1.82;4.18
6;-0.94634;b;14;2;18;a;1;3;c;465;0.643608;1;-2.42;3.58
7;-1.57646;a;26;6;28;a;1;1;a;134;0.998535;1;-0.63;5.37
8;0.35631;d;48;7;31;a;1;2;b;265;0.390087;1;-0.31;5.69
9;-1.20081;a;24;5;26;a;1;3;c;450;0.884218;0;-0.39;5.61
10;-0.97193;b;24;7;33;a;1;3;c;478;1.745102;0;-1.93;4.07
11;-0.9083;b;15;3;25;a;1;3;c;409;1.074038;0;-3.35;2.65
12;-0.72634;b;9;1;21;b;1;3;c;405;1.128182;1;-5.84;0.16
13;-0.62472;b;12;2;22;a;1;3;c;422;0.516861;1;-3.15;2.85
14;-1.02512;b;14;4;33;a;1;3;c;438;1.066713;0;-3.39;2.61
15;0.42388;d;27;3;25;b;1;6;f;749;0.350088;0;-0.88;5.12
16;0.96269;e;33;4;31;b;0;5;e;701;0.715807;1;-1.9;4.1
17;1.77109;e;3;4;28;a;0;1;a;125;0.895549;0;2.6;8.6
18;-0.20017;c;32;2;29;c;0;4;d;555;0.892902;0;-0.41;5.59
19;0.62737;d;50;5;28;b;0;6;f;785;1.992604;0;-2.74;3.26
20;-0.87441;b;43;1;18;a;1;2;b;257;0.416274;1;0.17;6.17
21;-0.25368;c;8;6;30;a;1;2;b;211;0.867928;0;1.25;7.25
22;-0.54271;c;41;1;21;b;0;1;a;16;1.350789;0;1.8;7.8
23;-1.14861;a;0;1;19;a;1;1;a;137;1.559909;0;-0.59;5.41
24;-0.22381;c;37;1;22;c;1;1;a;107;0.321742;1;-3.19;2.81
25;1.56102;e;14;4;27;c;0;2;b;222;1.173895;1;-2.2;3.8
26;-0.29844;c;16;2;28;c;1;5;e;658;0.845367;1;-1.33;4.67
27;-0.82305;b;5;8;35;a;1;3;c;462;0.711753;1;-0.73;5.27
28;1.25446;e;28;2;31;b;0;6;f;801;1.898613;1;-3.67;2.33
29;-0.22049;c;14;4;22;b;0;3;c;440;1.546261;1;-4.1;1.9
30;0.37343;d;12;1;22;c;1;5;e;622;0.371545;0;1.52;7.52
31;-0.89591;b;45;1;21;a;1;3;c;319;0.916847;0;-2.47;3.53
32;-1.19747;a;59;4;22;a;1;3;c;316;1.052639;0;-5.49;0.51
33;-0.96288;b;31;3;20;a;1;2;b;177;0.760832;0;-3.03;2.97
34;-1.00742;b;5;1;19;a;1;3;c;376;0.762935;0;1.91;7.91
35;-0.92865;b;14;5;25;a;1;2;b;244;0.398763;0;-0.14;5.86
36;0.27674;d;24;4;23;b;0;2;b;290;0.315152;0;-1.24;4.76
37;1.0409;e;23;5;35;b;0;6;f;774;1.185235;1;-0.47;5.53
38;-1.33095;a;7;5;24;a;1;2;b;195;0.508234;1;-1.34;4.66
39;-1.15538;a;24;5;25;a;1;3;c;450;0.884218;1;-3.41;2.59
40;-1.10547;a;37;4;23;a;1;2;b;198;0.702097;0;1.65;7.65
41;-0.9728;b;46;2;22;a;1;2;b;258;0.358026;1;-3.39;2.61
42;0.38405;d;2;5;28;b;1;5;e;649;0.423744;1;-0.62;5.38
43;-0.08428;c;45;3;37;a;1;2;b;179;0.695478;1;-0.81;5.19
44;-1.16689;a;15;4;25;a;1;3;c;446;0.393026;1;-2.52;3.48
45;-0.43293;c;13;3;24;b;0;3;c;352;1.372976;1;0.19;6.19
46;-1.18613;a;16;2;21;a;1;2;b;250;0.461434;1;-2.09;3.91
47;-0.30468;c;24;1;23;b;1;1;a;58;0.621093;0;-3.63;2.37
48;-0.03215;c;10;5;22;a;1;1;a;119;2.269121;0;-1.62;4.38
49;-0.41252;c;17;1;18;a;1;2;b;275;0.901706;1;-3.65;2.35
50;-0.41108;c;34;1;18;c;1;5;e;668;0.605606;0;-3.07;2.93
51;-0.42303;c;30;3;27;a;1;2;b;211;0.867928;0;-3.67;2.33
52;-1.71855;a;5;5;24;a;1;2;b;202;1.019512;0;0.32;6.32
53;0.91246;e;24;1;23;b;1;6;f;759;0.335496;0;-1.99;4.01
54;-0.40889;c;29;10;39;a;0;6;f;897;0.7744;1;-2.28;3.72
55;-0.95095;b;31;4;26;a;1;5;e;716;0.857848;1;-1.31;4.69
56;1.23415;e;15;1;20;c;0;6;f;800;2.933717;1;-0.23;5.77
57;-1.27107;a;41;3;31;a;1;3;c;387;2.910712;1;-1.53;4.47
58;-1.5877;a;34;4;27;a;1;2;b;209;1.39747;1;-2.77;3.23
59;-1.31837;a;30;2;19;a;1;1;a;137;1.559909;1;-0.92;5.08
60;-1.2157;a;57;7;32;a;1;2;b;256;0.310356;0;-1.15;4.85
61;0.14097;d;55;1;21;c;1;5;e;684;0.912124;0;2.48;8.48
62;0.54849;d;29;3;30;b;0;1;a;73;0.683148;0;-0.91;5.09
63;0.06319;c;24;4;31;b;1;5;e;671;1.756982;1;-1.11;4.89
64;-0.78549;b;47;5;25;a;0;1;a;120;1.820731;0;-1.85;4.15
65;0.33699;d;13;1;14;a;1;5;e;633;0.197582;0;-1.18;4.82
66;-0.89437;b;45;6;36;b;1;2;b;271;0.85094;0;-0.41;5.59
67;0.19207;d;49;8;36;a;1;5;e;635;0.177096;1;2.66;8.66
68;0.70453;d;10;7;26;a;0;3;c;426;1.263311;0;-4.48;1.52
69;-1.21617;a;2;4;30;a;1;3;c;308;0.569078;0;-1.02;4.98
70;-0.75663;b;37;1;24;b;1;1;a;106;0.933655;0;0.05;6.05
71;0.28754;d;52;4;31;c;1;5;e;626;0.571854;1;1.4;7.4
72;0.17718;d;2;1;19;b;1;5;e;626;0.571854;1;-0.29;5.71
73;1.35746;e;6;4;33;c;0;6;f;789;1.536283;1;1.75;7.75
74;0.79842;d;38;1;19;c;1;6;f;865;0.558358;0;-0.68;5.32
75;-1.31144;a;38;6;29;a;1;3;c;410;1.246553;0;-3.94;2.06
76;-0.26717;c;48;6;39;a;1;3;c;432;0.764506;1;1.26;7.26
77;0.46243;d;23;1;16;c;1;2;b;171;0.498504;1;-2.67;3.33
78;-0.06749;c;3;4;30;c;0;2;b;172;0.933154;1;0.5;6.5
79;1.2288;e;40;3;26;b;1;5;e;648;0.370776;1;-1.87;4.13
80;-0.299;c;38;5;27;a;1;5;e;613;0.340137;1;-2.5;3.5
81;0.68717;d;36;6;32;b;1;5;e;646;0.542868;0;-2.51;3.49
82;-1.01516;b;12;3;31;a;1;4;d;495;0.519857;0;0.96;6.96
83;-1.4889;a;45;8;30;a;1;3;c;318;0.761887;0;-0.8;5.2
84;-1.066;b;36;3;20;a;1;1;a;8;1.01206;1;-4.23;1.77
85;-0.03833;c;30;2;38;a;1;6;f;850;0.833982;1;-0.48;5.52
86;1.05342;e;22;4;29;b;0;5;e;708;0.317302;0;-1.55;4.45
87;-1.53833;a;32;4;21;a;1;2;b;202;1.019512;0;-2.96;3.04
88;-1.16825;a;50;11;44;a;1;3;c;399;1.106136;0;-2.41;3.59
89;-1.19014;a;32;3;19;a;1;3;c;480;0.950149;0;-3.02;2.98
90;0.64844;d;33;9;40;b;0;6;f;811;0.878348;0;-2.57;3.43
91;-0.10947;c;20;9;38;a;1;1;a;11;1.188385;1;0.04;6.04
92;-1.36104;a;51;4;25;a;1;2;b;249;0.369455;0;-2.19;3.81
93;0.62222;d;1;7;38;a;0;3;c;365;2.06615;0;0.8;6.8
94;-0.71083;b;31;12;36;a;1;5;e;698;0.392526;0;-0.82;5.18
95;1.06566;e;47;1;23;c;1;6;f;749;0.350088;1;0.02;6.02
96;-0.82535;b;24;6;30;a;1;2;b;239;0.62875;0;2.15;8.15
97;-0.43308;c;29;2;19;c;1;2;b;281;0.437392;1;-4.14;1.86
98;-1.05422;b;33;2;25;a;1;2;b;271;0.85094;0;-3.62;2.38
99;-0.89585;b;10;1;19;b;1;2;b;185;1.079536;1;-1.8;4.2
100;-0.10806;c;57;8;34;b;1;4;d;528;2.100397;0;-3.79;2.21
101;0.49117;d;4;6;29;b;0;5;e;632;0.176165;1;3.88;9.88
102;1.82225;e;32;7;37;c;0;4;d;530;4.380878;0;-0.26;5.74
103;-0.90945;b;24;3;21;a;1;2;b;199;0.783999;1;-2.11;3.89
104;1.59274;e;33;3;36;c;0;4;d;563;0.337311;1;0.98;6.98
105;-0.50937;c;14;3;24;a;1;3;c;464;0.850911;1;-3.83;2.17
106;0.17303;d;42;3;24;a;0;2;b;294;0.17383;0;-1.83;4.17
107;1.61516;e;13;5;29;a;1;1;a;50;1.42752;1;-0.44;5.56
108;1.05878;e;27;6;32;c;0;3;c;335;3.126267;0;-4.9;1.1
109;-0.326;c;17;9;39;b;0;1;a;93;0.332119;0;-1.85;4.15
110;-1.25376;a;12;3;24;b;1;2;b;274;0.39609;0;-3.07;2.93
111;-1.05643;b;22;1;17;a;1;2;b;282;1.017309;1;-3.75;2.25
112;0.9714;e;5;1;17;b;0;1;a;92;0.459906;1;-0.17;5.83
113;0.04999;c;14;1;24;c;1;1;a;158;1.543333;0;-0.63;5.37
114;-0.28235;c;20;7;34;a;1;1;a;161;0.509531;1;-3.44;2.56
115;1.25446;e;54;1;29;b;0;6;f;801;1.898613;1;0.58;6.58
116;-0.67689;b;0;6;29;b;0;4;d;551;0.884972;1;-0.86;5.14
117;0.52574;d;54;7;35;b;1;5;e;687;0.536755;1;-1.95;4.05
118;1.60722;e;37;3;29;c;0;4;d;508;1.178836;0;0.25;6.25
119;-1.3794;a;26;4;27;a;0;2;b;203;0.976449;1;-2.55;3.45
120;-1.43734;a;2;2;18;a;1;3;c;381;0.897696;1;-2.02;3.98
121;0.38667;d;11;3;28;c;0;4;d;567;0.64001;1;1.14;7.14
122;1.24472;e;20;3;21;c;0;5;e;689;0.850047;0;0.22;6.22
123;-0.86593;b;51;6;35;a;1;6;f;901;1.609678;0;1.23;7.23
124;-1.09261;a;19;12;43;a;1;2;b;194;0.62176;1;-2.86;3.14
125;0.37769;d;7;4;27;a;1;3;c;462;0.711753;1;2.6;8.6
126;-0.5634;c;38;9;42;a;0;3;c;359;0.991925;1;0;6
127;-1.0807;a;58;1;17;a;1;3;c;480;0.950149;0;-3.99;2.01
128;-0.74766;b;49;2;16;a;0;3;c;352;1.372976;0;-0.72;5.28
129;-0.18493;c;14;1;23;a;1;6;f;759;0.335496;1;-2;4
130;1.41801;e;48;1;23;c;0;2;b;278;0.733045;1;-0.48;5.52
131;-0.90869;b;15;2;23;b;1;2;b;275;0.901706;0;-0.42;5.58
132;-0.62348;b;21;2;19;c;0;3;c;398;1.249717;1;-4.19;1.81
133;0.27674;d;45;3;21;b;0;2;b;290;0.315152;1;0.25;6.25
134;-1.3566;a;20;1;18;a;1;2;b;207;1.036056;0;-2.81;3.19
135;0.8614;e;1;1;21;c;0;5;e;697;0.62981;1;-2.21;3.79
136;0.36218;d;16;3;18;b;1;3;c;424;1.754282;0;-2.45;3.55
137;-0.6679;b;37;5;27;a;1;1;a;113;0.561727;1;-1.15;4.85
138;-1.55627;a;1;1;18;a;1;1;a;123;1.513454;0;-0.26;5.74
139;-1.34626;a;26;8;27;a;1;3;c;446;0.393026;1;-4.68;1.32
140;-0.68125;b;16;4;43;a;0;3;c;423;1.33742;1;-0.84;5.16
141;-0.7869;b;6;2;16;a;1;3;c;394;0.64804;0;1.21;7.21
142;1.29975;e;28;2;28;b;0;2;b;278;0.733045;1;1.5;7.5
143;0.13804;d;18;1;23;c;0;4;d;526;0.605199;0;0.6;6.6
144;1.11069;e;54;1;21;c;0;5;e;732;2.77195;1;0.21;6.21
145;0.35127;d;8;8;37;c;1;5;e;715;0.557159;0;1.03;7.03
146;-1.51781;a;37;6;27;a;1;2;b;249;0.369455;1;-4.61;1.39
147;-0.84447;b;29;1;15;a;1;3;c;464;0.850911;1;-2.24;3.76
148;-1.04459;b;48;1;17;b;1;5;e;698;0.392526;0;0.14;6.14
149;-1.31352;a;50;4;26;a;1;3;c;456;0.636329;1;-2.41;3.59
150;-1.23928;a;52;1;15;a;1;2;b;193;0.562528;1;-2.04;3.96
151;0.85304;d;7;4;27;b;1;5;e;635;0.177096;0;-2.89;3.11
152;-1.51628;a;51;2;25;a;1;1;a;134;0.998535;0;-2.25;3.75
153;-0.10901;c;27;2;22;b;0;6;f;768;0.348385;1;-3.1;2.9
154;-1.08618;a;36;4;23;a;1;2;b;272;0.301616;1;-1.75;4.25
155;-1.06729;b;13;4;27;a;1;3;c;487;1.56096;0;-4.47;1.53
156;1.66778;e;57;8;33;c;1;2;b;246;0.222665;1;-0.68;5.32
157;1.19506;e;36;2;20;b;1;2;b;169;0.483374;1;-5.45;0.55
158;0.33555;d;22;5;26;a;0;1;a;120;1.820731;1;-4.86;1.14
159;0.64806;d;51;7;28;a;0;3;c;365;2.06615;0;-2.46;3.54
160;-0.62872;b;1;4;24;a;1;1;a;46;0.394049;1;1.43;7.43
161;-0.50045;c;44;2;32;b;0;6;f;851;0.547682;0;-2.51;3.49
162;-0.89329;b;2;5;25;b;1;3;c;405;1.128182;1;-2.22;3.78
163;-0.76382;b;54;5;29;a;1;3;c;308;0.569078;0;-1.71;4.29
164;0.05876;c;7;2;18;a;0;6;f;756;0.355704;1;-0.74;5.26
165;1.04006;e;7;3;30;c;1;5;e;614;0.74115;0;-0.94;5.06
166;-0.55956;c;4;1;26;b;1;5;e;621;0.971536;0;-0.36;5.64
167;0.92429;e;10;2;28;c;0;6;f;769;0.888143;0;0.2;6.2
168;-0.66442;b;48;5;36;a;1;2;b;182;0.540369;1;-3.59;2.41
169;0.10199;d;10;9;38;b;1;5;e;646;0.542868;1;-1.38;4.62
170;-1.15052;a;45;8;31;a;1;3;c;429;0.566671;0;-4.99;1.01
171;-0.7688;b;20;3;20;a;1;3;c;399;1.106136;1;-4.07;1.93
172;-1.37334;a;36;1;17;a;1;1;a;122;2.269121;1;-0.22;5.78
173;-0.241;c;29;1;17;a;0;3;c;453;0.58552;1;-0.73;5.27
174;2.24603;e;28;1;21;c;0;6;f;777;1.310241;1;0.07;6.07
175;1.24256;e;46;8;35;a;0;2;b;187;0.412412;1;-3.37;2.63
176;-1.0498;b;0;3;25;b;1;3;c;416;0.937952;0;1.15;7.15
177;1.12535;e;56;2;21;c;1;4;d;511;0.665914;0;0.75;6.75
178;0.57166;d;57;5;25;c;1;5;e;642;0.352409;1;1.46;7.46
179;-0.28957;c;40;4;39;a;0;6;f;900;2.254121;0;-1.22;4.78
180;-0.87425;b;48;7;26;a;1;3;c;442;1.130829;1;-2.37;3.63
181;-0.47501;c;40;4;22;a;0;2;b;192;0.712599;1;-1.95;4.05
182;-1.64787;a;3;8;31;a;1;2;b;271;0.85094;1;1.92;7.92
183;-0.66247;b;41;2;21;a;1;2;b;168;0.782903;0;-1.47;4.53
184;-0.52736;c;8;4;24;a;1;1;a;112;1.090971;1;-1.88;4.12
185;0.77807;d;43;4;22;c;0;2;b;242;0.702237;1;-0.82;5.18
186;0.17303;d;41;8;31;a;0;2;b;294;0.17383;0;-2.1;3.9
187;1.19434;e;47;3;29;c;1;5;e;721;1.424304;0;0.05;6.05
188;-0.95511;b;43;4;31;a;1;1;a;134;0.998535;1;-3.57;2.43
189;-1.24775;a;38;4;22;a;1;2;b;298;0.804829;1;-2.88;3.12
190;-1.05786;b;5;2;24;a;1;2;b;280;0.473497;0;-1.14;4.86
191;-1.36263;a;8;2;20;a;1;3;c;385;1.62527;1;-2.21;3.79
192;-0.78878;b;14;1;17;b;1;5;e;718;0.54195;1;-4.52;1.48
193;0.93108;e;33;1;17;c;0;2;b;279;0.411805;0;0.49;6.49
194;-1.60569;a;49;1;23;a;1;3;c;435;0.852797;1;-3.66;2.34
195;0.691;d;42;3;22;c;0;4;d;552;2.111183;0;-0.39;5.61
196;-1.05029;b;57;8;28;b;1;3;c;325;1.491105;0;-1.88;4.12
197;1.60972;e;20;4;34;c;0;5;e;689;0.850047;1;-0.72;5.28
198;1.32599;e;23;3;26;c;0;6;f;788;1.356152;1;0.05;6.05
199;1.07397;e;39;11;39;c;0;3;c;347;1.213001;0;1.09;7.09
200;0.13513;d;36;6;32;a;0;2;b;255;0.325601;0;-1.21;4.79
201;0.6094;d;48;6;33;c;0;4;d;582;0.978137;1;-0.66;5.34
202;-0.87211;b;51;5;38;b;1;5;e;728;0.32236;1;1.3;7.3
203;-1.42648;a;28;4;22;a;1;2;b;295;2.135229;0;-2.82;3.18
204;-1.12828;a;13;3;29;a;1;3;c;397;1.609262;0;-2.54;3.46
205;0.78361;d;45;6;38;c;1;5;e;721;1.424304;1;3.43;9.43
206;-1.00312;b;44;2;16;a;1;3;c;323;0.68715;1;-0.66;5.34
207;-0.23735;c;52;8;41;b;1;4;d;575;1.48627;1;0.51;6.51
208;0.65307;d;8;2;25;b;0;4;d;529;1.914478;0;0.25;6.25
209;-0.11336;c;30;2;21;c;0;5;e;711;0.315133;0;-1.35;4.65
210;-0.11715;c;43;5;26;b;1;1;a;41;0.454488;1;-4.5;1.5
211;-0.70519;b;35;8;40;b;0;4;d;578;0.637687;1;-1.43;4.57
212;-0.49329;c;19;5;25;a;1;3;c;388;0.844056;0;-0.56;5.44
213;-0.96718;b;29;5;27;a;1;3;c;450;0.884218;1;-3.56;2.44
214;-1.11985;a;38;2;18;a;1;2;b;197;1.63187;1;-5.7;0.3
215;2.41274;e;7;4;33;c;0;1;a;36;0.409877;1;2.11;8.11
216;0.33507;d;1;5;35;b;0;6;f;867;0.598911;0;0.55;6.55
217;-1.19176;a;47;13;38;b;1;2;b;236;1.022299;1;-5.03;0.97
218;-0.89712;b;38;1;21;a;1;1;a;130;0.575095;1;-0.9;5.1
219;1.38845;e;59;3;23;c;0;4;d;530;4.380878;0;-3.09;2.91
220;0.79568;d;4;2;40;b;0;4;d;588;0.906138;0;3.73;9.73
221;1.52027;e;35;1;17;b;0;2;b;278;0.733045;0;-0.83;5.17
222;-0.1765;c;42;3;32;a;1;5;e;673;2.38738;1;0.52;6.52
223;-0.91798;b;21;7;39;a;1;3;c;324;1.840626;0;-1.65;4.35
224;0.33024;d;54;7;31;b;1;3;c;457;0.523313;1;-1.62;4.38
225;-0.72425;b;38;4;27;a;1;2;b;293;0.259814;1;-2.15;3.85
226;-0.03843;c;38;3;22;b;1;4;d;565;1.783524;1;-2.58;3.42
227;2.1123;e;32;1;26;c;0;6;f;838;0.491957;1;2.5;8.5
228;-0.44386;c;49;1;22;a;1;1;a;95;0.689939;1;-3.71;2.29
229;-0.51137;c;59;3;27;a;1;2;b;219;1.109012;1;0.14;6.14
230;-1.39163;a;56;7;35;a;1;3;c;307;1.876091;1;-1.49;4.51
231;-1.07838;a;21;10;33;a;1;2;b;280;0.473497;0;-1.83;4.17
232;-0.66698;b;34;1;17;b;1;3;c;346;0.585313;1;-4.17;1.83
233;-1.12011;a;52;6;30;a;1;3;c;403;1.724622;1;-1.05;4.95
234;-1.3185;a;51;1;16;a;1;3;c;468;0.944549;1;-2.39;3.61
235;-0.8993;b;55;2;21;a;1;3;c;451;0.871227;1;-1.79;4.21
236;0.92421;e;28;2;27;b;0;6;f;777;1.310241;0;-2.25;3.75
237;-1.23007;a;34;3;23;a;1;3;c;445;1.107078;1;-2.74;3.26
238;0.08874;c;3;6;30;b;1;2;b;273;0.931704;1;-0.28;5.72
239;-0.33794;c;1;8;36;a;1;3;c;389;0.990243;0;-4.34;1.66
240;0.94069;e;49;7;35;c;1;3;c;457;0.523313;0;0.41;6.41
241;-0.43496;c;36;5;29;b;0;1;a;80;0.517425;0;-4.37;1.63
242;0.72147;d;9;3;30;c;0;4;d;588;0.906138;0;0.87;6.87
243;-0.90266;b;46;5;26;a;0;3;c;482;1.017149;1;-5.21;0.79
244;-0.43496;c;16;6;31;b;0;1;a;80;0.517425;0;-1.82;4.18
245;-0.70681;b;25;6;31;a;0;4;d;542;0.487276;1;-0.96;5.04
246;-0.93415;b;16;3;24;a;1;2;b;298;0.804829;0;-4.34;1.66
247;-0.8126;b;29;10;39;b;1;2;b;274;0.39609;1;-2.05;3.95
248;0.91123;e;38;3;21;c;0;6;f;875;0.899506;1;-1.09;4.91
249;0.77229;d;29;7;31;b;1;5;e;607;1.198893;0;-0.75;5.25
250;-1.03761;b;29;8;30;a;0;4;d;549;1.318093;0;-1.9;4.1
251;-0.87488;b;53;5;30;a;1;2;b;207;1.036056;1;-2.92;3.08
252;0.1089;d;10;2;24;a;0;2;b;240;1.63111;0;-0.29;5.71
253;0.25341;d;8;1;16;b;1;3;c;486;1.610639;1;-0.74;5.26
254;-1.41723;a;13;12;37;a;1;3;c;468;0.944549;1;-5.19;0.81
255;-0.57314;c;7;4;25;a;1;2;b;239;0.62875;1;-3.52;2.48
256;-0.938;b;40;7;27;a;1;3;c;410;1.246553;1;-3.91;2.09
257;0.22919;d;44;4;28;a;1;1;a;51;0.505519;0;-3.31;2.69
258;-1.30466;a;36;2;27;a;1;3;c;384;0.597348;0;-2.92;3.08
259;1.80492;e;44;3;21;c;0;6;f;748;0.527423;1;-2.61;3.39
260;1.56055;e;7;2;33;c;0;6;f;839;0.846462;0;0.01;6.01
261;-0.0128;c;14;6;38;b;1;5;e;613;0.340137;1;-3.98;2.02
262;0.85511;d;24;3;31;b;0;6;f;810;1.179404;0;-3.26;2.74
263;-1.0899;a;43;5;22;a;1;3;c;434;0.757214;1;-0.73;5.27
264;-1.68608;a;38;7;44;a;1;3;c;469;1.081609;1;-4.07;1.93
265;0.03314;c;43;6;36;b;1;6;f;817;2.169383;1;-3.02;2.98
266;0.4707;d;33;3;33;c;1;4;d;510;0.5336;1;2.69;8.69
267;-0.26197;c;50;3;31;b;1;1;a;62;0.316868;1;-3.09;2.91
268;-0.57578;c;45;5;42;a;1;2;b;180;0.448353;1;-4.19;1.81
269;-0.81941;b;10;5;34;a;1;3;c;430;0.677025;0;1.66;7.66
270;-1.57293;a;50;4;19;a;1;2;b;194;0.62176;1;-2.22;3.78
271;-1.13978;a;25;8;33;a;1;1;a;8;1.01206;1;-1.54;4.46
272;-0.13234;c;9;9;39;b;1;4;d;569;0.625496;1;-0.52;5.48
273;0.75211;d;30;3;27;b;0;6;f;808;1.403438;0;0.21;6.21
274;1.52892;e;59;5;36;b;0;6;f;808;1.403438;0;0.88;6.88
275;0.67936;d;1;3;22;b;0;2;b;188;1.648976;1;-4.16;1.84
276;-1.67055;a;8;7;35;a;1;2;b;302;1.866052;0;-0.57;5.43
277;-0.11802;c;55;3;24;b;1;1;a;109;0.457078;1;-2.06;3.94
278;-0.24191;c;13;2;24;a;1;1;a;89;0.242415;1;-1.13;4.87
279;-1.12819;a;25;1;20;a;0;2;b;188;1.648976;0;-2.75;3.25
280;-0.85477;b;28;1;21;b;0;2;b;247;0.393695;1;-3.9;2.1
281;-1.11044;a;37;10;37;a;1;1;a;131;0.778069;1;-3.98;2.02
282;-1.11435;a;56;6;27;b;1;1;a;8;1.01206;1;-2.84;3.16
283;0.90607;e;46;4;20;b;1;1;a;27;0.240499;1;1.78;7.78
284;1.3918;e;5;5;27;c;0;3;c;326;1.315339;0;-3.83;2.17
285;0.25306;d;7;2;19;c;1;2;b;168;0.782903;0;0.63;6.63
286;-1.41753;a;12;2;16;a;1;3;c;311;1.493391;0;1.29;7.29
287;0.92638;e;54;9;34;b;0;3;c;365;2.06615;1;-2.52;3.48
288;-1.21809;a;17;10;39;a;1;6;f;892;0.521469;0;0.94;6.94
289;0.48275;d;46;2;27;c;1;5;e;680;0.689057;1;-0.97;5.03
290;0.8454;d;45;2;25;c;0;4;d;526;0.605199;1;-0.97;5.03
291;1.28196;e;6;2;27;c;1;4;d;492;0.550632;0;3.26;9.26
292;-0.79747;b;30;3;23;a;1;3;c;459;0.740645;1;-5.55;0.45
293;0.43139;d;51;1;16;a;0;1;a;121;0.956984;1;-0.4;5.6
294;-0.86508;b;11;1;15;a;1;3;c;478;1.745102;0;-2.96;3.04
295;-0.82824;b;19;2;21;b;1;2;b;243;0.265842;1;-1.83;4.17
296;-1.64851;a;11;2;20;a;1;3;c;449;0.32492;0;-1.42;4.58
297;0.65117;d;41;1;28;c;0;6;f;864;2.665578;0;-0.3;5.7
298;1.52197;e;29;1;24;c;0;5;e;701;0.715807;1;-0.36;5.64
299;-0.97278;b;6;7;37;b;1;4;d;493;0.713338;0;2.82;8.82
300;1.29162;e;49;1;21;c;0;3;c;331;1.461966;1;-4.15;1.85
301;-0.94044;b;50;4;26;b;1;1;a;111;0.947397;0;0.15;6.15
302;-0.7639;b;8;7;48;a;1;2;b;277;0.429307;1;1.3;7.3
303;1.48391;e;36;2;24;c;0;6;f;889;1.344895;0;-1.95;4.05
304;-0.51737;c;2;6;32;a;0;4;d;572;0.695314;1;2.28;8.28
305;1.39161;e;59;1;21;c;0;6;f;898;2.342086;1;-0.39;5.61
306;-1.38105;a;14;12;44;a;1;3;c;474;1.029498;1;-3.82;2.18
307;-0.38185;c;38;4;35;b;1;5;e;662;0.706887;1;-3.71;2.29
308;-0.34361;c;49;1;16;a;1;3;c;424;1.754282;0;-3.26;2.74
309;0.39957;d;20;4;27;c;1;5;e;725;1.507239;0;0.48;6.48
310;0.26431;d;6;2;26;b;0;6;f;875;0.899506;0;0.79;6.79
311;0.53267;d;36;3;22;a;0;3;c;453;0.58552;1;-2.3;3.7
312;-0.87864;b;15;2;29;a;1;1;a;69;1.278626;0;-0.54;5.46
313;0.36194;d;18;3;20;a;0;3;c;413;0.600198;1;-0.01;5.99
314;-1.25238;a;54;8;31;b;1;3;c;468;0.944549;1;-4.14;1.86
315;-0.33191;c;58;12;31;b;1;2;b;169;0.483374;1;-2.9;3.1
316;1.15516;e;1;3;22;c;0;6;f;826;0.980628;1;1.02;7.02
317;1.95076;e;6;2;33;c;0;1;a;108;0.653971;1;1.36;7.36
318;0.06319;c;55;3;29;b;1;5;e;671;1.756982;1;-1.93;4.07
319;1.01361;e;48;2;23;c;0;6;f;885;2.254121;0;-1.84;4.16
320;0.07953;c;50;5;36;b;1;3;c;481;0.619556;1;-1.66;4.34
321;-0.98608;b;36;9;37;a;1;2;b;239;0.62875;0;-3.43;2.57
322;-1.06865;a;26;3;23;a;1;2;b;197;1.63187;0;0.32;6.32
323;0.14867;d;40;2;19;b;1;5;e;679;0.72372;1;-0.02;5.98
324;-1.57652;a;37;5;23;a;1;2;b;250;0.461434;1;-3.04;2.96
325;0.96821;e;8;3;25;b;0;5;e;692;1.020238;1;5.49;11.49
326;-0.99215;b;2;7;35;a;1;3;c;422;0.516861;0;1.44;7.44
327;0.88914;e;23;4;29;c;0;6;f;832;2.100733;0;-0.21;5.79
328;0.22262;d;58;5;34;b;1;5;e;681;0.674375;1;-1.53;4.47
329;-0.46653;c;54;4;26;a;1;6;f;853;0.579622;1;-1.62;4.38
330;1.48246;e;59;2;27;c;0;6;f;804;0.77764;0;-1.73;4.27
331;-0.31644;c;29;1;25;a;1;5;e;613;0.340137;0;-0.04;5.96
332;0.64628;d;4;5;22;a;0;3;c;402;1.337653;1;1.77;7.77
333;0.45862;d;3;8;44;c;1;6;f;760;0.30668;0;0.12;6.12
334;0.26692;d;31;2;20;a;1;1;a;141;1.308379;0;-4.39;1.61
335;-1.1082;a;52;6;31;a;1;1;a;137;1.559909;1;-1.32;4.68
336;1.90639;e;24;5;37;c;0;6;f;802;0.943079;0;-1.41;4.59
337;1.51442;e;39;2;33;c;0;4;d;601;2.788502;1;2.92;8.92
338;0.14591;d;41;4;28;b;1;1;a;65;0.500616;1;-0.76;5.24
339;0.10131;d;38;9;32;b;1;6;f;760;0.30668;0;-2.43;3.57
340;-1.43566;a;3;1;17;a;1;1;a;123;1.513454;1;3.52;9.52
341;0.35192;d;59;2;19;b;0;3;c;454;0.889991;1;-4.01;1.99
342;-0.32602;c;48;2;22;a;0;2;b;255;0.325601;1;-2.19;3.81
343;-1.22934;a;4;1;20;a;1;2;b;288;0.380603;0;0.94;6.94
344;-0.3577;c;27;1;17;c;0;3;c;398;1.249717;0;3.03;9.03
345;1.29365;e;31;6;33;a;0;3;c;455;0.467844;0;-3.73;2.27
346;0.33199;d;39;4;24;a;0;3;c;352;1.372976;1;-5.39;0.61
347;-1.2096;a;4;7;32;a;1;2;b;262;0.794163;0;-0.17;5.83
348;-0.65923;b;6;4;25;b;1;1;a;57;0.625052;1;-1.49;4.51
349;-1.33798;a;15;7;42;a;1;2;b;271;0.85094;1;-0.34;5.66
350;1.11233;e;49;1;29;c;0;5;e;745;0.856256;0;-0.86;5.14
351;1.70008;e;19;4;30;c;0;6;f;747;0.419418;1;-2.92;3.08
352;0.73007;d;0;5;24;a;0;2;b;225;1.572481;0;-0.72;5.28
353;-0.02928;c;54;2;31;b;0;6;f;873;0.767462;0;-1.39;4.61
354;0.79319;d;17;1;25;c;0;6;f;756;0.355704;1;-3.53;2.47
355;0.57984;d;32;2;25;c;1;1;a;53;0.445978;0;-1.37;4.63
356;-0.90889;b;14;8;31;a;1;3;c;314;1.251531;1;-1.27;4.73
357;1.31156;e;22;1;20;c;0;1;a;68;0.98265;0;0.04;6.04
358;-0.34394;c;33;7;32;b;1;5;e;624;1.378477;0;-3.28;2.72
359;-1.1202;a;50;5;38;b;1;1;a;156;0.868574;1;-2.16;3.84
360;-0.01339;c;38;1;20;c;0;6;f;851;0.547682;0;-3.13;2.87
361;-1.47283;a;44;4;18;a;1;3;c;472;0.809387;0;-4.69;1.31
362;0.62562;d;1;4;25;a;0;1;a;120;1.820731;0;2.61;8.61
363;-1.58728;a;59;4;35;b;1;2;b;185;1.079536;1;-2.34;3.66
364;-0.33939;c;36;1;20;b;1;5;e;679;0.72372;1;-1.87;4.13
365;-0.71863;b;10;12;45;a;1;3;c;486;1.610639;1;-4.41;1.59
366;-0.45558;c;39;1;22;c;0;1;a;124;0.8132;0;1.24;7.24
367;0.45011;d;38;1;17;a;0;3;c;454;0.889991;0;-3.84;2.16
368;-0.84752;b;45;7;31;a;1;3;c;388;0.844056;1;-2.18;3.82
369;-0.3653;c;34;1;15;b;0;2;b;285;0.360978;1;1.81;7.81
370;-1.35389;a;39;6;36;a;1;2;b;258;0.358026;0;0.53;6.53
371;-0.42779;c;54;2;23;a;1;2;b;262;0.794163;0;-1.24;4.76
372;-0.17973;c;16;1;21;c;1;1;a;116;0.540901;0;-1.11;4.89
373;0.25558;d;44;5;38;a;1;1;a;106;0.933655;0;-1.11;4.89
374;-0.90393;b;16;3;33;a;1;2;b;260;0.507841;1;-2.21;3.79
375;0.09424;c;12;2;21;b;1;5;e;605;0.831005;1;-1.78;4.22
376;1.74857;e;10;2;31;c;0;6;f;795;1.18245;1;1.47;7.47
377;0.79647;d;23;6;36;c;0;6;f;873;0.767462;1;-3.12;2.88
378;-0.91552;b;17;5;28;a;1;2;b;253;0.434634;0;-4.32;1.68
379;-1.34483;a;27;10;47;b;1;2;b;288;0.380603;1;-2.86;3.14
380;-0.34287;c;54;3;22;b;1;1;a;62;0.316868;1;-1.94;4.06
381;0.1648;d;59;1;20;a;1;1;a;101;1.301123;1;0.4;6.4
382;-0.80046;b;55;3;25;a;1;2;b;288;0.380603;1;-3.03;2.97
383;-0.84259;b;20;6;28;a;1;2;b;237;0.400851;1;-3.89;2.11
384;-0.80262;b;38;1;19;a;1;3;c;306;0.55481;1;-4.05;1.95
385;0.53425;d;1;3;23;c;1;4;d;591;0.894004;0;1.58;7.58
386;0.22228;d;59;6;29;b;0;4;d;548;1.480652;1;-1.77;4.23
387;0.57476;d;33;3;22;b;1;5;e;635;0.177096;1;-1.06;4.94
388;-0.56555;c;21;6;32;b;1;3;c;329;2.212935;0;-0.78;5.22
389;1.18247;e;40;7;31;b;0;6;f;885;2.254121;1;-1.87;4.13
390;-0.99997;b;3;8;30;a;0;2;b;283;0.753626;1;2.48;8.48
391;-0.69672;b;35;6;43;c;1;1;a;99;0.414016;0;0.56;6.56
392;0.00028;c;20;4;32;b;0;5;e;714;0.929656;1;0.32;6.32
393;-0.75883;b;38;3;17;a;1;3;c;410;1.246553;0;-2.64;3.36
394;1.65135;e;51;3;39;b;0;6;f;886;1.169617;0;-0.4;5.6
395;1.47353;e;7;4;29;a;0;3;c;348;1.227142;1;-2.55;3.45
396;-0.74138;b;51;2;22;a;1;2;b;209;1.39747;1;-3.2;2.8
397;-0.4224;c;37;4;23;a;1;1;a;118;2.024284;1;-4.86;1.14
398;0.80639;d;3;3;35;b;0;6;f;770;0.826841;0;1.68;7.68
399;-1.01811;b;24;8;35;a;1;2;b;239;0.62875;0;-2.29;3.71
400;-0.87339;b;35;3;20;b;1;3;c;341;1.085586;1;-4.35;1.65
401;-0.22201;c;16;1;19;b;1;1;a;105;0.659183;1;-0.37;5.63
402;-0.534;c;26;2;36;a;1;5;e;668;0.605606;0;-1.5;4.5
403;-0.96098;b;8;1;17;a;1;3;c;462;0.711753;0;0.47;6.47
404;-0.51982;c;25;5;23;a;1;3;c;424;1.754282;0;-5.6;0.4
405;1.06952;e;55;4;38;c;1;5;e;721;1.424304;1;-0.77;5.23
406;-1.29678;a;54;5;31;a;1;2;b;260;0.507841;1;-1.86;4.14
407;2.02518;e;7;3;35;c;0;1;a;61;0.823976;0;1.31;7.31
408;0.75067;d;11;2;22;c;0;2;b;242;0.702237;0;1.98;7.98
409;1.57652;e;41;2;23;c;0;2;b;278;0.733045;0;-0.58;5.42
410;-1.00898;b;38;2;22;a;1;3;c;439;1.502484;1;-3.7;2.3
411;1.30693;e;29;2;27;c;0;6;f;804;0.77764;0;2.45;8.45
412;0.2624;d;5;4;29;a;0;5;e;632;0.176165;1;-2.11;3.89
413;1.09426;e;39;1;22;c;0;1;a;56;1.745228;0;-3.77;2.23
414;0.54446;d;8;5;30;c;0;6;f;833;0.950694;0;0.44;6.44
415;-0.01634;c;51;4;33;b;1;6;f;820;1.570452;1;0.75;6.75
416;-1.39496;a;48;1;17;a;1;3;c;469;1.081609;0;-2.52;3.48
417;-0.68738;b;4;3;26;a;0;1;a;80;0.517425;0;-2.24;3.76
418;0.3917;d;2;1;17;b;0;3;c;413;0.600198;0;-2.09;3.91
419;-0.00982;c;15;5;33;a;1;1;a;128;1.07526;1;0.39;6.39
420;-0.97529;b;53;4;23;a;1;3;c;448;1.670362;0;-3.32;2.68
421;0.29785;d;4;8;36;c;0;2;b;305;1.249253;1;-1.91;4.09
422;0.13586;d;20;2;21;c;0;2;b;276;0.778376;1;-3.47;2.53
423;-0.6062;b;16;11;44;b;1;2;b;181;0.560313;0;-1.65;4.35
424;0.14127;d;58;3;24;c;1;5;e;667;0.410078;1;-1.52;4.48
425;0.10783;d;3;6;36;b;1;5;e;654;0.620547;1;-1.19;4.81
426;0.15785;d;26;5;28;c;0;3;c;423;1.33742;1;-2.51;3.49
427;-1.17593;a;18;2;24;a;1;2;b;272;0.301616;0;-1.31;4.69
428;0.43608;d;31;5;32;a;1;2;b;169;0.483374;1;-2.52;3.48
429;-0.34543;c;23;4;23;b;1;5;e;620;0.84442;0;-0.06;5.94
430;-1.6065;a;25;2;17;a;1;3;c;433;0.6376;1;-3.49;2.51
431;-1.53172;a;12;12;41;a;1;2;b;248;0.387131;0;-3.88;2.12
432;0.04932;c;45;3;22;a;1;1;a;94;0.470965;0;-2.58;3.42
433;-1.02578;b;36;13;42;a;1;3;c;475;0.870182;0;-4.39;1.61
434;-1.57105;a;14;11;37;a;1;3;c;411;1.071647;0;-3.77;2.23
435;0.00521;c;49;1;20;a;1;6;f;845;1.092964;1;-2.51;3.49
436;-1.1381;a;40;4;24;a;1;3;c;314;1.251531;0;-3.45;2.55
437;1.47779;e;15;1;26;c;0;6;f;803;1.569836;0;0.36;6.36
438;-0.37989;c;42;3;17;b;0;4;d;593;1.930091;1;-1.78;4.22
439;1.25668;e;43;3;29;c;0;4;d;489;0.32082;1;-1.26;4.74
440;0.4354;d;47;5;31;b;1;5;e;665;2.113418;1;2.99;8.99
441;-0.68852;b;48;1;16;a;1;3;c;445;1.107078;1;-2.17;3.83
442;-1.20372;a;34;1;18;a;1;3;c;409;1.074038;0;-4.91;1.09
443;1.68411;e;26;4;36;c;1;6;f;836;1.308623;0;1.17;7.17
444;0.82159;d;19;3;22;c;1;4;d;538;1.670827;1;-1.97;4.03
445;0.27692;d;40;2;17;a;0;2;b;172;0.933154;0;-2.59;3.41
446;-0.26917;c;55;4;22;a;0;3;c;454;0.889991;1;-1.88;4.12
447;-1.1069;a;13;5;29;b;0;4;d;593;1.930091;1;-1.4;4.6
448;0.60737;d;16;5;32;c;0;4;d;571;0.543349;0;2.87;8.87
449;-0.64924;b;11;3;18;a;1;2;b;261;0.676279;0;-2.33;3.67
450;0.96685;e;3;5;29;c;1;2;b;196;0.62176;1;2.63;8.63
451;1.06429;e;24;3;25;c;0;6;f;878;1.046771;0;-2.45;3.55
452;0.37464;d;3;2;20;c;0;3;c;398;1.249717;1;-0.84;5.16
453;-1.43654;a;13;4;24;a;1;3;c;316;1.052639;1;-2.87;3.13
454;0.2675;d;59;1;35;a;0;3;c;365;2.06615;0;0;6
455;-1.55311;a;39;7;29;a;1;3;c;371;1.756006;1;-4.77;1.23
456;0.54928;d;10;6;33;b;1;5;e;712;0.221091;0;0.99;6.99
457;1.37864;e;56;1;21;c;0;5;e;689;0.850047;0;-0.12;5.88
458;-0.61588;b;45;4;24;b;1;2;b;274;0.39609;1;-1.96;4.04
459;1.47432;e;48;2;34;c;0;4;d;563;0.337311;1;0.65;6.65
460;-0.2858;c;33;8;38;b;0;6;f;765;0.44334;0;-4.58;1.42
461;0.44927;d;14;4;39;c;0;1;a;125;0.895549;0;-5.68;0.32
462;-1.57031;a;55;8;33;a;1;3;c;451;0.871227;1;-1.95;4.05
463;0.8381;d;51;4;22;a;1;3;c;317;0.854115;0;-1.9;4.1
464;-1.47777;a;58;7;40;a;1;2;b;289;0.738121;1;-0.7;5.3
465;0.25341;d;49;9;36;a;1;3;c;486;1.610639;0;-0.24;5.76
466;-1.27711;a;6;7;30;c;1;3;c;437;1.592934;1;-5.47;0.53
467;-0.85189;b;23;4;33;a;1;1;a;54;0.283933;0;-2.38;3.62
468;-0.25619;c;46;5;21;a;1;3;c;343;1.912802;0;-3.17;2.83
469;0.19809;d;3;1;25;a;1;2;b;219;1.109012;1;0.28;6.28
470;1.18555;e;48;3;30;c;0;5;e;697;0.62981;1;-1.26;4.74
471;-1.15817;a;27;1;17;a;1;3;c;328;1.28625;1;-1.68;4.32
472;-1.07689;a;25;1;18;b;1;2;b;185;1.079536;1;-1.46;4.54
473;-1.28389;a;23;1;21;b;1;1;a;164;0.859908;0;-1.99;4.01
474;0.89431;e;50;1;26;c;0;1;a;81;0.201983;1;-0.5;5.5
475;-0.20453;c;19;4;22;a;1;2;b;180;0.448353;1;-3.83;2.17
476;-1.16726;a;46;9;42;a;1;3;c;464;0.850911;0;1.37;7.37
477;0.19867;d;8;6;38;b;1;4;d;500;0.815769;0;1.13;7.13
478;-1.08156;a;9;2;19;a;1;3;c;472;0.809387;1;-5.51;0.49
479;-1.03174;b;14;12;43;a;1;3;c;310;0.88437;0;1.7;7.7
480;-0.92858;b;12;2;21;a;1;3;c;470;1.011095;0;-1.66;4.34
481;-0.98196;b;40;9;31;a;1;3;c;323;0.68715;0;-3.64;2.36
482;0.25095;d;36;4;23;a;1;5;e;654;0.620547;0;-1.55;4.45
483;-0.10901;c;49;1;20;b;0;6;f;768;0.348385;0;-1.69;4.31
484;1.43625;e;56;3;24;c;0;6;f;878;1.046771;1;-0.16;5.84
485;-1.56687;a;7;8;29;a;1;3;c;467;0.975204;1;-2.86;3.14
486;-0.24615;c;9;1;17;b;0;1;a;75;0.327585;1;-1.56;4.44
487;1.18282;e;58;1;24;c;0;6;f;766;0.269328;0;-1.73;4.27
488;0.51444;d;52;1;26;c;0;2;b;279;0.411805;1;-1.22;4.78
489;0.50638;d;51;4;26;c;0;5;e;705;0.460843;1;-2.12;3.88
490;-0.73301;b;24;3;18;a;1;2;b;207;1.036056;0;3.91;9.91
491;-1.27945;a;53;9;35;b;0;4;d;593;1.930091;0;-2.1;3.9
492;-1.39865;a;25;6;26;a;1;3;c;318;0.761887;0;-1.24;4.76
493;-0.01361;c;49;3;22;a;1;3;c;314;1.251531;0;-4;2
494;-1.60497;a;14;3;27;a;1;3;c;381;0.897696;1;-2.36;3.64
495;0.94246;e;23;2;37;c;1;4;d;511;0.665914;1;0.25;6.25
496;1.59257;e;51;2;28;c;1;5;e;696;0.888233;1;-0.2;5.8
497;-0.68607;b;55;1;25;a;0;4;d;517;0.48823;0;-5.8;0.2
498;1.04674;e;26;7;32;c;1;5;e;687;0.536755;0;1.95;7.95
499;1.43665;e;36;3;32;c;0;6;f;877;0.641981;0;0.19;6.19
500;-0.7253;b;26;11;45;a;0;4;d;572;0.695314;0;-1.07;4.93
501;-0.03464;c;42;4;26;b;1;2;b;263;0.316136;0;-3.34;2.66
502;0.79355;d;12;1;18;c;1;2;b;210;0.852002;0;-0.51;5.49
503;0.72709;d;7;2;26;b;0;6;f;783;1.251573;0;-0.73;5.27
504;0.20741;d;21;4;23;a;0;2;b;283;0.753626;0;-1.14;4.86
505;-0.5436;c;42;6;30;a;1;3;c;430;0.677025;0;-1.94;4.06
506;-0.41505;c;21;2;18;a;1;3;c;446;0.393026;0;-3.29;2.71
507;-1.40749;a;27;5;31;a;1;2;b;202;1.019512;1;-2.32;3.68
508;-0.99952;b;20;4;28;a;1;2;b;195;0.508234;1;-0.64;5.36
509;0.97924;e;29;3;26;c;0;6;f;848;1.715678;1;-2.68;3.32
510;0.85883;e;59;7;33;c;1;5;e;649;0.423744;0;1.12;7.12
511;-0.36476;c;36;8;39;a;0;4;d;547;1.199131;0;0.48;6.48
512;0.5401;d;18;1;18;c;1;1;a;50;1.42752;1;1.28;7.28
513;2.07365;e;18;1;27;c;0;1;a;40;0.630417;1;0.14;6.14
514;0.17735;d;49;4;26;a;0;3;c;440;1.546261;1;0.55;6.55
515;-1.06398;b;33;3;21;a;1;2;b;261;0.676279;0;-1.81;4.19
516;1.45675;e;43;4;28;c;1;5;e;696;0.888233;1;0.65;6.65
517;-1.12506;a;50;5;23;a;1;3;c;391;2.223461;1;-1.76;4.24
518;-1.59253;a;40;5;22;a;1;3;c;433;0.6376;1;-2.3;3.7
519;0.40708;d;4;3;25;a;0;1;a;16;1.350789;0;-1.2;4.8
520;-1.42914;a;13;4;24;a;1;3;c;414;1.515494;0;4.68;10.68
521;-0.75805;b;58;2;20;b;1;6;f;840;0.376273;0;-4.5;1.5
522;0.15322;d;17;1;18;c;0;4;d;579;1.438057;1;-1.96;4.04
523;0.64383;d;36;9;37;b;1;5;e;629;0.058297;1;-0.76;5.24
524;-0.50651;c;10;8;37;b;0;4;d;566;0.42147;0;2.92;8.92
525;-1.07716;a;25;2;18;a;1;2;b;272;0.301616;0;-4.95;1.05
526;-1.03128;b;52;6;27;a;1;2;b;180;0.448353;1;-4.06;1.94
527;-1.05724;b;25;7;27;b;1;2;b;274;0.39609;0;-3.02;2.98
528;0.8163;d;48;1;22;c;0;3;c;350;1.644711;1;-0.86;5.14
529;-1.13188;a;14;6;37;a;0;3;c;471;1.473325;0;-3.18;2.82
530;-1.16748;a;49;4;32;b;1;1;a;156;0.868574;1;-0.13;5.87
531;-0.96485;b;37;10;42;a;1;2;b;170;0.924437;1;-2.27;3.73
532;-0.16997;c;28;6;33;a;1;2;b;275;0.901706;0;-4.34;1.66
533;-0.47541;c;47;3;22;a;1;2;b;263;0.316136;0;-3.31;2.69
534;-0.89662;b;7;3;26;a;0;5;e;682;0.278545;1;-0.4;5.6
535;-1.00962;b;50;1;15;a;1;3;c;410;1.246553;0;-2.46;3.54
536;-1.06874;a;20;12;43;a;1;3;c;487;1.56096;0;-2.88;3.12
537;-1.4276;a;0;7;28;a;1;3;c;418;0.555114;1;-1.26;4.74
538;-0.44124;c;28;4;21;a;1;2;b;189;1.0597;0;-1.09;4.91
539;0.68287;d;4;1;14;b;0;5;e;736;2.087809;1;-1.28;4.72
540;1.30366;e;20;1;23;c;0;5;e;700;1.380559;1;4.82;10.82
541;-1.64559;a;36;3;25;a;1;3;c;483;0.706504;1;-5.86;0.14
542;-1.38218;a;15;6;28;a;1;2;b;206;0.923644;1;-3.82;2.18
543;0.28021;d;38;5;27;b;0;3;c;366;2.72708;0;-1.01;4.99
544;0.88642;e;42;2;26;b;0;6;f;809;1.807975;0;0.88;6.88
545;-1.28507;a;14;2;18;a;1;2;b;298;0.804829;0;-4.22;1.78
546;-0.41829;c;11;5;22;a;1;1;a;20;1.057184;0;1.6;7.6
547;0.73861;d;16;2;39;c;0;6;f;764;0.266528;0;1.52;7.52
548;1.43632;e;30;2;35;c;0;4;d;599;1.901013;1;-1.11;4.89
549;0.06784;c;45;1;17;a;0;2;b;222;1.173895;1;1.91;7.91
550;-0.56862;c;28;5;27;b;1;1;a;128;1.07526;0;-5.64;0.36
551;-0.72287;b;21;2;22;c;1;6;f;896;0.31023;1;-3.31;2.69
552;0.98625;e;41;8;41;a;0;6;f;813;1.474708;1;0.7;6.7
553;-1.51137;a;41;3;21;a;1;3;c;466;0.862378;1;-2.83;3.17
554;-1.03774;b;54;5;30;a;1;2;b;282;1.017309;0;-4.67;1.33
555;-1.02682;b;13;6;34;a;0;3;c;447;0.894149;0;-1.55;4.45
556;-0.11486;c;5;3;25;b;1;5;e;723;0.950674;1;-0.25;5.75
557;-0.74431;b;40;6;40;b;1;5;e;673;2.38738;0;-4.59;1.41
558;-0.2918;c;41;1;22;a;1;3;c;417;0.703464;1;-1.6;4.4
559;-1.25815;a;47;7;35;a;1;2;b;184;0.754335;0;-1.37;4.63
560;0.35364;d;56;7;31;a;0;3;c;455;0.467844;0;-2.7;3.3
561;-1.32275;a;0;1;16;a;1;3;c;396;1.300458;0;1.35;7.35
562;-0.83838;b;13;2;19;a;1;3;c;342;1.522932;0;-5.72;0.28
563;0.782;d;15;2;22;c;0;3;c;347;1.213001;1;0.92;6.92
564;0.28571;d;8;1;16;b;1;5;e;709;0.554617;1;-1.66;4.34
565;-1.08525;a;28;12;40;a;1;1;a;12;2.208131;1;-4.42;1.58
566;-1.34517;a;19;11;39;a;1;3;c;450;0.884218;1;-5.21;0.79
567;1.50563;e;12;3;27;c;0;4;d;515;0.46556;1;-0.14;5.86
568;-1.17522;a;30;5;27;a;1;3;c;372;1.59029;0;0.06;6.06
569;-0.49846;c;27;4;31;a;1;6;f;821;2.495897;0;-0.23;5.77
570;1.57278;e;39;3;26;c;0;3;c;368;0.847177;0;0.12;6.12
571;-0.34547;c;49;4;21;a;1;1;a;126;1.628303;1;-0.1;5.9
572;0.28754;d;4;6;35;c;1;5;e;626;0.571854;0;0.41;6.41
573;0.44903;d;10;8;28;a;1;6;f;827;1.329337;0;-0.72;5.28
574;-0.10394;c;7;1;16;b;1;6;f;814;0.747434;0;1;7
575;-1.18057;a;59;8;41;a;1;3;c;444;1.16128;0;-0.8;5.2
576;-0.80262;b;7;2;22;a;1;3;c;306;0.55481;0;-0.77;5.23
577;-0.03658;c;16;2;23;a;0;6;f;782;1.536283;1;-1.54;4.46
578;-0.05987;c;8;4;27;a;1;5;e;611;0.479672;1;0.79;6.79
579;0.84191;d;51;6;31;b;0;2;b;190;1.203186;0;-2.58;3.42
580;0.65751;d;1;2;29;c;1;6;f;821;2.495897;0;1.82;7.82
581;-0.55781;c;24;3;27;b;0;4;d;599;1.901013;0;-3.45;2.55
582;0.61705;d;24;3;23;b;1;6;f;863;0.440905;0;1.44;7.44
583;-0.89641;b;14;7;39;a;1;2;b;253;0.434634;0;-0.96;5.04
584;0.75553;d;16;6;42;b;1;5;e;715;0.557159;1;-1.85;4.15
585;-0.73729;b;56;4;24;a;1;2;b;229;1.369453;1;1.23;7.23
586;-0.13499;c;4;1;20;b;1;2;b;198;0.702097;0;0.13;6.13
587;-1.26863;a;40;2;18;a;1;3;c;479;1.032816;0;-2.13;3.87
588;0.71593;d;22;2;24;b;1;5;e;631;0.154409;0;1.18;7.18
589;1.0611;e;2;1;25;c;0;6;f;770;0.826841;1;-0.49;5.51
590;-0.79583;b;13;2;24;b;1;1;a;130;0.575095;0;1.08;7.08
591;-1.1627;a;25;5;25;a;1;3;c;467;0.975204;0;-1.78;4.22
592;0.13197;d;43;1;24;c;0;6;f;870;0.436275;0;-2.95;3.05
593;-1.07772;a;28;4;28;a;1;2;b;269;0.459114;0;-1.22;4.78
594;-0.16517;c;1;3;22;b;1;1;a;6;0.999866;0;0.73;6.73
595;-0.61999;b;17;7;31;b;0;6;f;755;0.28048;1;-1.28;4.72
596;0.39222;d;30;5;42;b;0;6;f;752;0.282318;1;-1.42;4.58
597;-0.96059;b;36;3;20;a;1;3;c;315;0.814804;1;-0.69;5.31
598;0.54049;d;31;7;36;b;1;5;e;686;0.589032;0;1.48;7.48
599;0.14029;d;50;7;32;a;0;5;e;638;0.231012;1;-1.05;4.95
600;0.71718;d;47;3;32;c;0;6;f;750;0.481618;1;-1.02;4.98
601;-0.79537;b;4;3;20;a;1;1;a;118;2.024284;1;-0.58;5.42
602;1.21638;e;26;3;26;c;0;4;d;490;0.380481;0;-0.47;5.53
603;-0.30978;c;5;3;25;c;1;5;e;626;0.571854;1;2.38;8.38
604;0.70144;d;47;7;34;b;1;5;e;680;0.689057;1;-0.38;5.62
605;-0.48193;c;55;9;33;a;1;2;b;198;0.702097;0;-2.89;3.11
606;0.44307;d;22;5;25;b;0;2;b;186;0.382498;1;-3.86;2.14
607;-1.76312;a;24;2;19;a;1;2;b;297;1.642237;0;4;10
608;-1.13537;a;57;4;35;b;1;2;b;173;0.604595;0;0.53;6.53
609;0.08522;c;14;3;25;c;1;1;a;99;0.414016;0;0.8;6.8
610;-0.96106;b;0;4;23;a;1;3;c;449;0.32492;0;-0.73;5.27
611;1.3923;e;17;4;33;c;0;6;f;878;1.046771;1;-4.89;1.11
612;1.15015;e;9;3;27;b;0;4;d;600;0.845425;1;-0.79;5.21
613;-1.11546;a;33;1;15;a;1;1;a;123;1.513454;1;-1.79;4.21
614;-0.55553;c;58;11;36;b;1;5;e;618;0.581217;0;-4.38;1.62
615;-1.3022;a;36;5;31;a;1;3;c;442;1.130829;0;-3.02;2.98
616;0.07765;c;9;6;34;a;1;1;a;111;0.947397;1;-0.33;5.67
617;-1.13544;a;38;5;26;a;1;3;c;415;1.202924;1;-4.27;1.73
618;0.41004;d;52;2;21;c;1;5;e;715;0.557159;0;1.85;7.85
619;0.07021;c;37;4;29;c;0;2;b;186;0.382498;1;2.06;8.06
620;0.66305;d;53;2;23;b;0;6;f;885;2.254121;0;-2.03;3.97
621;-1.11835;a;43;5;29;a;1;3;c;456;0.636329;1;-4.55;1.45
622;-1.01031;b;24;11;35;a;1;2;b;268;0.61671;0;0.19;6.19
623;1.07362;e;23;2;26;c;0;4;d;582;0.978137;1;-1.86;4.14
624;-0.96921;b;59;2;23;a;1;3;c;464;0.850911;0;-2.56;3.44
625;0.42581;d;45;7;30;b;1;5;e;626;0.571854;0;-3.75;2.25
626;-0.73254;b;24;7;33;a;1;1;a;14;2.620703;0;-0.53;5.47
627;-1.14605;a;18;3;27;b;1;1;a;12;2.208131;0;-1.82;4.18
628;-1.23258;a;37;8;33;a;1;2;b;197;1.63187;0;-2.85;3.15
629;-0.83858;b;14;5;24;a;1;2;b;182;0.540369;0;-0.43;5.57
630;-0.17111;c;10;1;22;b;1;1;a;110;0.627793;0;-0.76;5.24
631;-0.93363;b;54;9;36;a;1;3;c;355;0.727678;0;-1.38;4.62
632;0.08218;c;31;5;28;c;1;1;a;104;1.016955;0;-0.87;5.13
633;-0.96379;b;11;5;28;a;1;3;c;382;0.973186;1;-1.12;4.88
634;-1.25623;a;2;6;29;a;1;3;c;435;0.852797;0;0.31;6.31
635;1.2327;e;22;1;26;c;0;6;f;878;1.046771;1;-1.47;4.53
636;-1.51049;a;22;1;23;a;1;2;b;271;0.85094;1;-1.39;4.61
637;0.36328;d;16;2;26;b;0;4;d;533;0.622634;0;-0.16;5.84
638;-1.11717;a;9;8;35;a;1;2;b;270;0.41599;0;-1.96;4.04
639;-1.27304;a;50;7;26;b;1;3;c;403;1.724622;1;-3.61;2.39
640;0.5325;d;11;3;32;c;0;3;c;334;2.250246;1;4.49;10.49
641;-0.79729;b;50;9;34;a;1;2;b;181;0.560313;1;-2.06;3.94
642;-1.34483;a;54;9;45;b;1;2;b;288;0.380603;0;-1.67;4.33
643;0.90382;e;57;1;32;b;0;6;f;888;1.12706;1;-2.89;3.11
644;1.40157;e;24;1;21;c;0;5;e;704;0.733161;1;-1.59;4.41
645;-1.64511;a;2;3;22;a;1;3;c;307;1.876091;0;2.96;8.96
646;1.79775;e;26;2;24;c;0;1;a;40;0.630417;0;0.21;6.21
647;-0.78445;b;59;1;20;a;1;3;c;415;1.202924;1;0.39;6.39
648;-1.07983;a;29;3;28;b;1;1;a;153;0.899968;0;-4.3;1.7
649;0.31567;d;44;5;42;b;0;6;f;858;0.662661;0;-1.78;4.22
650;-1.03996;b;55;6;26;a;1;3;c;450;0.884218;1;-5.91;0.09
651;1.3923;e;47;3;30;c;0;6;f;878;1.046771;1;-2.54;3.46
652;1.10368;e;53;6;37;c;0;1;a;67;0.956471;1;-0.48;5.52
653;-0.97512;b;44;5;35;a;1;2;b;170;0.924437;1;-1.74;4.26
654;1.54631;e;36;5;32;c;0;2;b;241;0.269071;1;1.74;7.74
655;-1.12559;a;39;3;34;a;1;3;c;319;0.916847;0;-4.07;1.93
656;-1.24128;a;19;4;28;a;1;3;c;310;0.88437;1;-1.59;4.41
657;-1.59557;a;48;5;31;a;1;3;c;433;0.6376;0;-4.39;1.61
658;-0.39596;c;17;8;40;b;1;1;a;69;1.278626;1;-0.28;5.72
659;-0.95172;b;40;2;17;a;1;1;a;138;0.828116;0;-2.08;3.92
660;0.74456;d;13;2;29;b;0;5;e;701;0.715807;1;-1.05;4.95
661;2.51001;e;34;3;35;c;0;1;a;30;0.156558;1;-1.99;4.01
662;0.90291;e;10;1;26;c;1;5;e;671;1.756982;1;0.66;6.66
663;-1.26296;a;2;1;20;c;1;2;b;274;0.39609;1;2.15;8.15
664;1.24552;e;13;7;31;b;0;5;e;640;0.267866;1;-2.21;3.79
665;1.26655;e;53;2;27;c;0;4;d;537;1.528341;1;-0.85;5.15
666;-0.96896;b;52;3;24;a;1;6;f;841;0.45451;0;-5.13;0.87
667;-0.99487;b;49;1;21;a;1;2;b;180;0.448353;0;-2.96;3.04
668;0.49461;d;51;2;34;c;1;4;d;584;0.770865;0;-0.38;5.62
669;-0.79855;b;34;1;24;b;0;4;d;593;1.930091;1;-2.38;3.62
670;-0.17475;c;46;10;31;a;1;3;c;421;1.382547;0;-3.77;2.23
671;2.09413;e;7;4;37;c;0;6;f;803;1.569836;0;-0.54;5.46
672;-0.94337;b;15;7;28;a;0;3;c;378;1.61209;1;-0.78;5.22
673;-0.72257;b;13;4;26;a;1;3;c;441;0.517603;0;-0.68;5.32
674;0.54504;d;13;4;23;a;0;2;b;190;1.203186;1;0.14;6.14
675;0.35328;d;29;3;27;b;0;6;f;826;0.980628;1;-1.5;4.5
676;-0.11277;c;36;10;39;a;0;3;c;440;1.546261;0;-1.94;4.06
677;-1.03016;b;12;5;27;a;1;3;c;458;1.365131;1;-5.5;0.5
678;1.21609;e;56;3;22;b;0;3;c;365;2.06615;0;-0.81;5.19
679;-1.28;a;15;5;29;a;1;2;b;254;0.293084;1;-4.67;1.33
680;-0.49891;c;30;7;33;a;1;5;e;672;0.566987;0;-1.32;4.68
681;-0.6212;b;58;1;21;a;1;3;c;357;2.360037;0;-3.16;2.84
682;1.92185;e;32;2;24;c;1;5;e;608;0.949267;1;-0.99;5.01
683;0.62734;d;23;1;21;b;0;6;f;869;1.57451;1;4.29;10.29
684;-0.2345;c;31;5;26;b;0;4;d;595;0.32689;0;0.43;6.43
685;0.58079;d;25;1;27;b;0;5;e;707;0.721141;0;-1.58;4.42
686;-0.79363;b;58;12;37;a;1;3;c;394;0.64804;0;-2.49;3.51
687;-1.15798;a;12;7;39;a;0;3;c;471;1.473325;0;-3.1;2.9
688;-0.89993;b;5;8;34;a;1;2;b;258;0.358026;0;1.61;7.61
689;-1.47071;a;28;2;16;a;0;3;c;447;0.894149;0;-1.5;4.5
690;-1.24411;a;17;7;28;a;1;3;c;480;0.950149;1;-2.33;3.67
691;-0.99992;b;38;4;25;a;1;3;c;409;1.074038;1;-5.6;0.4
692;0.27791;d;12;7;29;a;0;3;c;380;1.590414;0;-1.22;4.78
693;-1.0855;a;6;2;24;b;1;3;c;465;0.643608;0;-0.84;5.16
694;-1.03782;b;24;4;23;a;1;3;c;422;0.516861;1;0.05;6.05
695;0.87843;e;3;5;30;b;0;6;f;800;2.933717;1;0.98;6.98
696;0.86896;e;44;1;17;c;0;6;f;824;0.772353;1;-2.16;3.84
697;1.18796;e;9;4;24;b;0;4;d;564;0.687604;1;-2.74;3.26
698;1.30778;e;16;2;31;c;0;6;f;864;2.665578;0;0.64;6.64
699;0.09183;c;0;8;40;a;0;3;c;413;0.600198;1;-0.81;5.19
700;-1.00572;b;51;2;19;a;1;3;c;469;1.081609;0;-1.16;4.84
701;-0.94787;b;15;1;20;b;1;1;a;8;1.01206;1;-0.78;5.22
702;-0.86908;b;6;4;35;c;1;6;f;859;0.328116;1;1;7
703;-1.0867;a;24;10;43;a;1;3;c;405;1.128182;1;-4.9;1.1
704;-1.00125;b;15;6;28;a;1;3;c;486;1.610639;1;-1.17;4.83
705;-0.84499;b;36;3;22;a;1;3;c;469;1.081609;0;-1.45;4.55
706;-0.21957;c;59;6;34;b;0;4;d;567;0.64001;1;-1.84;4.16
707;2.16706;e;31;2;28;c;0;4;d;489;0.32082;1;2.97;8.97
708;-0.6612;b;13;4;22;a;1;3;c;474;1.029498;1;-3.65;2.35
709;-1.72097;a;27;9;33;a;1;3;c;444;1.16128;1;-5.4;0.6
710;0.30246;d;49;3;24;b;0;4;d;574;1.401723;0;-0.58;5.42
711;-0.65721;b;37;3;27;a;1;3;c;418;0.555114;1;-3.29;2.71
712;0.49647;d;10;8;33;b;0;4;d;526;0.605199;0;-0.75;5.25
713;0.25689;d;3;2;22;a;1;1;a;25;0.319897;1;2.43;8.43
714;-0.16517;c;47;1;38;b;1;1;a;6;0.999866;1;0.71;6.71
715;1.9339;e;31;1;27;c;0;6;f;799;1.615192;1;0.31;6.31
716;-1.43842;a;40;4;27;b;1;3;c;392;1.277307;1;-1.52;4.48
717;0.41608;d;50;6;34;a;0;3;c;473;0.513408;1;-0.53;5.47
718;0.26648;d;45;5;28;a;1;1;a;27;0.240499;0;-0.61;5.39
719;1.41582;e;0;2;30;c;0;4;d;489;0.32082;0;0.33;6.33
720;0.74127;d;25;3;27;c;0;1;a;88;0.384699;0;-1.67;4.33
721;1.07431;e;10;2;23;c;1;5;e;623;1.318146;1;0.68;6.68
722;-1.09973;a;0;1;22;a;1;3;c;422;0.516861;1;-0.81;5.19
723;-1.69295;a;36;9;37;a;1;3;c;484;2.708594;0;-1.15;4.85
724;-1.64661;a;33;3;27;a;1;2;b;212;1.318131;0;-2.23;3.77
725;1.09156;e;13;2;22;c;1;1;a;27;0.240499;1;-1.15;4.85
726;-0.12421;c;52;4;25;a;1;6;f;844;0.648652;1;-3.15;2.85
727;-0.2452;c;48;1;24;b;1;1;a;142;0.754519;0;-0.52;5.48
728;0.95171;e;58;1;21;b;0;1;a;102;0.446905;0;0.47;6.47
729;2.30919;e;46;2;28;c;0;5;e;703;0.698248;0;1.17;7.17
730;0.51719;d;38;3;25;b;0;5;e;734;0.894503;1;-0.03;5.97
731;-0.1635;c;49;3;29;b;1;6;f;853;0.579622;0;-0.52;5.48
732;1.86376;e;31;1;27;c;0;6;f;791;1.370933;0;-1.17;4.83
733;-0.82582;b;6;4;25;a;1;2;b;266;0.594383;1;-5.93;0.07
734;0.68598;d;19;11;34;b;1;5;e;677;0.551406;0;-3.02;2.98
735;-1.43882;a;42;4;22;a;1;3;c;483;0.706504;1;-2.01;3.99
736;-1.28248;a;39;4;22;a;1;6;f;901;1.609678;0;-2.27;3.73
737;1.84488;e;32;2;30;c;0;6;f;848;1.715678;1;-0.41;5.59
738;0.72147;d;51;2;26;c;0;4;d;588;0.906138;0;-0.3;5.7
739;-0.33509;c;41;1;18;a;1;3;c;344;1.893864;0;-0.79;5.21
740;-0.77021;b;22;5;26;a;1;2;b;181;0.560313;0;-2.84;3.16
741;1.30221;e;17;1;23;c;0;6;f;773;1.245378;1;0.47;6.47
742;-0.45085;c;12;4;22;a;1;3;c;439;1.502484;0;-1.22;4.78
743;-0.01996;c;43;9;36;a;1;2;b;265;0.390087;0;-1.07;4.93
744;0.62076;d;11;2;26;c;1;5;e;671;1.756982;1;-0.79;5.21
745;-0.99653;b;10;6;29;a;1;2;b;212;1.318131;1;-3.31;2.69
746;-0.53904;c;52;4;35;b;1;1;a;104;1.016955;0;-5.29;0.71
747;-0.29736;c;6;6;30;c;0;3;c;351;1.355298;1;-3.92;2.08
748;1.34881;e;0;6;28;a;0;2;b;278;0.733045;1;-0.65;5.35
749;-0.66744;b;18;6;36;a;1;2;b;288;0.380603;1;-3.46;2.54
750;-0.85613;b;54;1;20;a;1;3;c;407;1.361158;0;-4.89;1.11
751;-0.38464;c;37;5;34;c;0;5;e;638;0.231012;1;-0.38;5.62
752;-0.56408;c;44;5;36;a;1;1;a;106;0.933655;1;-1.92;4.08
753;-0.47272;c;57;3;23;b;1;2;b;200;1.253437;1;-2.88;3.12
754;-0.02163;c;26;3;35;c;1;1;a;155;0.702482;0;-3.11;2.89
755;-0.00099;c;13;1;19;a;0;2;b;176;0.597329;0;-0.36;5.64
756;1.19036;e;56;5;34;b;0;1;a;13;0.715761;1;-2.66;3.34
757;-1.84701;a;12;2;19;a;1;3;c;485;0.558717;0;-3.93;2.07
758;-0.94151;b;40;4;23;a;1;3;c;306;0.55481;1;-2.56;3.44
759;0.77171;d;18;2;26;c;1;6;f;850;0.833982;1;1.42;7.42
760;-0.63164;b;37;4;28;a;1;3;c;373;1.617063;0;-0.1;5.9
761;-0.4256;c;43;3;23;b;1;2;b;277;0.429307;0;-0.88;5.12
762;-0.79901;b;17;5;24;a;1;3;c;416;0.937952;1;-1.47;4.53
763;1.08847;e;32;2;30;c;1;1;a;141;1.308379;1;-1.93;4.07
764;-0.26023;c;14;4;34;a;0;6;f;876;0.636797;0;-1.1;4.9
765;-0.98015;b;34;6;32;a;1;2;b;262;0.794163;1;-3.37;2.63
766;-1.31776;a;12;2;23;a;1;2;b;288;0.380603;0;-0.99;5.01
767;-1.07315;a;9;5;27;a;1;2;b;271;0.85094;1;-0.88;5.12
768;-0.02011;c;57;3;19;b;1;2;b;277;0.429307;1;0.81;6.81
769;-0.96426;b;4;7;34;a;1;3;c;422;0.516861;1;-2.82;3.18
770;-1.25546;a;7;6;42;a;1;3;c;356;1.522243;0;-4.06;1.94
771;-0.94337;b;44;6;26;a;0;3;c;378;1.61209;0;-1.78;4.22
772;-0.52538;c;47;3;23;b;1;5;e;666;0.689865;0;-1.78;4.22
773;-0.91099;b;7;5;25;a;1;2;b;300;0.629163;0;0.61;6.61
774;0.64975;d;35;9;45;a;0;3;c;365;2.06615;0;-4.34;1.66
775;-0.3813;c;2;1;23;b;1;1;a;22;2.083404;0;1.64;7.64
776;-0.78414;b;13;4;27;b;1;1;a;62;0.316868;1;-1.59;4.41
777;-0.95121;b;21;2;22;a;1;2;b;206;0.923644;1;-1.37;4.63
778;1.85216;e;31;3;30;b;0;6;f;904;2.751449;0;-0.82;5.18
779;-0.2836;c;27;1;20;c;1;6;f;894;1.560189;0;-2.15;3.85
780;-0.98585;b;10;1;17;a;1;3;c;480;0.950149;0;-0.27;5.73
781;-0.98;b;9;3;20;a;1;3;c;316;1.052639;0;-1.46;4.54
782;-0.86602;b;51;3;20;a;1;3;c;424;1.754282;1;-1.6;4.4
783;1.56102;e;27;3;26;c;0;2;b;222;1.173895;0;3.91;9.91
784;-0.39348;c;44;4;27;a;1;1;a;127;2.269121;1;-4.67;1.33
785;-0.29607;c;3;1;24;a;0;3;c;352;1.372976;1;-2.39;3.61
786;1.15087;e;9;2;26;c;1;4;d;498;0.537225;1;0.7;6.7
787;0.57525;d;24;4;28;b;0;3;c;333;3.312425;1;-1.92;4.08
788;-0.49052;c;37;2;21;b;1;2;b;208;0.786413;0;-4.14;1.86
789;-0.31354;c;58;4;33;a;0;5;e;664;1.761015;0;0.16;6.16
790;0.62826;d;18;4;23;c;0;2;b;240;1.63111;1;-1.48;4.52
791;-1.05789;b;12;6;37;a;1;1;a;138;0.828116;0;2.25;8.25
792;1.34876;e;49;1;29;c;1;5;e;696;0.888233;1;0.02;6.02
793;-0.97954;b;2;5;30;b;1;2;b;236;1.022299;0;5.08;11.08
794;-0.19278;c;2;2;20;b;1;1;a;2;0.86748;0;1.72;7.72
795;-0.05144;c;42;4;25;b;0;2;b;186;0.382498;0;-3.32;2.68
796;1.05632;e;36;3;31;c;0;6;f;764;0.266528;1;-2.8;3.2
797;0.31524;d;49;1;21;c;0;3;c;364;2.004866;1;-1.95;4.05
798;1.2197;e;22;3;27;b;0;6;f;804;0.77764;1;-3.21;2.79
799;-1.4278;a;34;4;29;b;1;3;c;463;0.711753;1;-1.35;4.65
800;-1.67324;a;33;7;38;a;1;2;b;271;0.85094;0;-2.88;3.12
801;0.86144;e;38;2;28;c;0;6;f;851;0.547682;0;-3.53;2.47
802;-0.39118;c;30;5;28;a;0;4;d;541;0.929551;1;-1.47;4.53
803;0.73843;d;42;2;18;b;1;5;e;648;0.370776;1;-3.28;2.72
804;-1.43097;a;6;8;34;a;1;2;b;249;0.369455;0;0.73;6.73
805;1.13683;e;12;4;28;c;0;4;d;518;0.751588;1;1.68;7.68
806;-0.06526;c;11;2;29;c;0;6;f;757;0.530372;0;2.47;8.47
807;-0.7303;b;24;1;20;a;1;3;c;416;0.937952;0;2.57;8.57
808;-0.59769;b;9;7;24;a;1;2;b;274;0.39609;1;1.07;7.07
809;-1.47371;a;28;9;30;a;1;3;c;316;1.052639;1;-2.49;3.51
810;-1.41353;a;26;7;27;a;1;3;c;468;0.944549;0;1.6;7.6
811;0.14229;d;22;3;29;b;1;5;e;621;0.971536;1;-2.9;3.1
812;0.76407;d;16;4;28;b;0;5;e;704;0.733161;0;-2.58;3.42
813;-0.52556;c;48;2;24;c;1;6;f;849;2.056803;0;-1.47;4.53
814;-0.95098;b;46;1;16;a;1;3;c;461;0.922027;0;-1.65;4.35
815;0.00989;c;51;4;39;a;0;4;d;537;1.528341;1;-1.59;4.41
816;-1.39314;a;7;12;49;a;1;3;c;415;1.202924;1;-2.45;3.55
817;1.29932;e;40;4;32;c;0;6;f;797;0.754888;1;1.02;7.02
818;0.31966;d;35;7;31;b;0;5;e;708;0.317302;0;-1.9;4.1
819;0.0455;c;59;5;27;b;1;6;f;815;0.995312;0;-3.37;2.63
820;-1.46667;a;5;12;38;a;1;3;c;324;1.840626;0;-2.58;3.42
821;-1.31521;a;40;8;38;a;1;2;b;271;0.85094;0;-2.43;3.57
822;-1.22047;a;22;4;28;a;1;2;b;201;1.269007;1;-3.76;2.24
823;-1.2653;a;37;1;15;a;1;2;b;298;0.804829;0;-0.71;5.29
824;-1.12101;a;24;5;31;b;1;1;a;11;1.188385;0;-1.45;4.55
825;-0.75837;b;52;3;23;a;1;2;b;264;0.853227;1;-1.77;4.23
826;1.10414;e;35;5;25;b;0;6;f;889;1.344895;0;-2.67;3.33
827;-1.33948;a;31;9;45;a;1;3;c;479;1.032816;1;-2.13;3.87
828;0.27791;d;39;6;27;a;0;3;c;380;1.590414;0;0.95;6.95
829;-1.12106;a;37;4;26;a;1;3;c;310;0.88437;1;-5.07;0.93
830;1.3307;e;37;9;37;b;0;5;e;697;0.62981;0;-1.64;4.36
831;0.21412;d;59;8;30;a;0;2;b;224;3.575217;0;-3.37;2.63
832;0.88561;e;36;6;32;c;0;4;d;519;0.533491;1;-2.43;3.57
833;0.19947;d;28;6;35;b;1;6;f;896;0.31023;1;-2.02;3.98
834;1.71923;e;12;3;26;c;0;4;d;488;0.42272;1;-0.3;5.7
835;0.4938;d;47;2;21;c;0;6;f;869;1.57451;0;2.41;8.41
836;-1.01048;b;42;6;29;a;1;2;b;288;0.380603;1;-3.92;2.08
837;-1.2451;a;29;2;17;a;1;3;c;310;0.88437;0;-0.75;5.25
838;0.11113;d;17;1;22;b;1;1;a;105;0.659183;1;-3.48;2.52
839;0.41604;d;31;1;15;c;0;2;b;240;1.63111;1;-2.24;3.76
840;-1.42014;a;15;2;20;a;1;3;c;311;1.493391;0;5.85;11.85
841;0.40238;d;4;3;32;c;0;4;d;566;0.42147;1;1.36;7.36
842;1.84806;e;12;2;27;c;0;6;f;778;0.666401;1;0.28;6.28
843;-0.55099;c;11;2;26;b;1;3;c;399;1.106136;1;-3.29;2.71
844;0.26476;d;41;1;19;b;0;6;f;874;0.429737;1;-2.45;3.55
845;-0.41505;c;37;1;17;a;1;3;c;446;0.393026;0;0.82;6.82
846;-0.14609;c;21;1;19;b;0;2;b;294;0.17383;1;-0.24;5.76
847;0.57888;d;29;5;35;b;0;6;f;895;1.013997;0;-1.21;4.79
848;1.32585;e;51;2;20;b;0;1;a;61;0.823976;0;0.65;6.65
849;0.76003;d;49;5;25;c;0;3;c;398;1.249717;1;-1.31;4.69
850;-0.33191;c;21;8;34;a;1;2;b;169;0.483374;1;-1.83;4.17
851;-0.35486;c;1;2;15;b;1;1;a;119;2.269121;1;1.05;7.05
852;0.67651;d;9;3;20;a;0;1;a;121;0.956984;1;-4.94;1.06
853;-1.05317;b;0;2;20;a;1;1;a;123;1.513454;0;0.54;6.54
854;-0.67938;b;36;5;37;b;0;5;e;638;0.231012;1;0.02;6.02
855;-0.11774;c;2;2;25;b;0;3;c;455;0.467844;0;-3.56;2.44
856;1.17459;e;38;1;24;c;1;5;e;642;0.352409;0;-2.01;3.99
857;-0.92278;b;18;1;36;b;1;6;f;820;1.570452;1;3.01;9.01
858;1.36;e;46;2;28;c;0;6;f;775;2.534673;1;-0.87;5.13
859;1.2827;e;1;2;26;c;0;1;a;146;0.949429;0;-2.36;3.64
860;0.35483;d;4;1;23;c;0;5;e;683;0.747961;1;2.7;8.7
861;0.86515;e;55;5;36;c;0;3;c;367;0.771228;1;-1.64;4.36
862;-1.04621;b;5;8;34;a;1;3;c;307;1.876091;0;1.05;7.05
863;-0.65199;b;48;1;21;b;1;6;f;896;0.31023;0;-2.35;3.65
864;-0.42779;c;17;2;19;a;1;2;b;262;0.794163;1;-2.79;3.21
865;-0.35107;c;7;2;23;c;1;5;e;667;0.410078;1;0.81;6.81
866;-0.54972;c;31;2;20;a;1;3;c;462;0.711753;0;-0.52;5.48
867;0.89818;e;12;1;25;c;0;6;f;837;1.057843;1;-2.02;3.98
868;-1.19241;a;33;5;28;a;1;2;b;288;0.380603;1;-0.51;5.49
869;-1.15921;a;30;1;20;b;1;1;a;160;0.509299;1;-1.53;4.47
870;0.07431;c;51;5;21;a;1;2;b;273;0.931704;0;-4.91;1.09
871;-1.30454;a;56;3;23;b;0;4;d;535;1.312884;0;-0.5;5.5
872;0.19072;d;6;3;23;b;0;4;d;552;2.111183;1;1.76;7.76
873;0.76683;d;38;2;21;c;0;3;c;400;0.967247;0;0.57;6.57
874;-0.02112;c;33;3;25;b;1;1;a;55;0.223906;1;-1.88;4.12
875;-0.34402;c;40;1;22;b;0;3;c;309;1.019865;1;-2.6;3.4
876;-0.33191;c;47;6;31;a;1;2;b;169;0.483374;0;-1.74;4.26
877;-1.33253;a;33;8;35;a;1;3;c;458;1.365131;0;-1;5
878;-0.264;c;40;5;24;a;0;3;c;309;1.019865;0;-3.57;2.43
879;-1.00062;b;20;1;18;a;1;2;b;303;1.781093;1;-5.69;0.31
880;-1.1461;a;23;7;31;a;1;2;b;298;0.804829;1;-3.98;2.02
881;0.33339;d;58;7;27;b;1;3;c;417;0.703464;1;-3.65;2.35
882;-0.7707;b;6;2;21;a;0;2;b;285;0.360978;1;-5.47;0.53
883;-1.18253;a;32;7;34;a;0;4;d;534;0.717924;0;-0.08;5.92
884;-0.24686;c;2;10;41;a;0;3;c;367;0.771228;0;0.86;6.86
885;-1.27405;a;7;2;24;a;1;6;f;901;1.609678;1;-0.65;5.35
886;0.59275;d;20;1;18;c;1;4;d;584;0.770865;1;-0.75;5.25
887;-0.4549;c;46;1;21;a;1;1;a;110;0.627793;0;-4.28;1.72
888;0.56575;d;30;1;21;b;0;3;c;361;2.750863;1;-0.55;5.45
889;-0.34459;c;42;1;19;b;1;5;e;659;1.094849;0;-1.53;4.47
890;-1.18961;a;31;1;15;a;1;3;c;317;0.854115;1;-3.04;2.96
891;0.99706;e;52;9;40;a;0;2;b;190;1.203186;1;-2.31;3.69
892;0.00925;c;30;1;21;b;0;5;e;637;0.175413;0;-1.68;4.32
893;-0.25722;c;12;1;19;b;1;1;a;89;0.242415;0;-0.85;5.15
894;-0.1409;c;52;9;41;a;1;1;a;47;0.334704;1;-2.27;3.73
895;-0.86894;b;6;5;24;b;1;1;a;4;2.28935;1;2.49;8.49
896;-0.84318;b;0;3;30;b;1;1;a;142;0.754519;1;1.19;7.19
897;0.79517;d;52;7;39;a;1;5;e;636;0.247572;1;-1.13;4.87
898;-0.52262;c;13;4;26;a;1;3;c;430;0.677025;1;-5.08;0.92
899;0.96372;e;10;5;29;c;0;6;f;855;0.457623;0;0.99;6.99
900;-1.09018;a;13;10;41;a;1;2;b;208;0.786413;0;-2.66;3.34
901;-1.243;a;31;6;32;a;1;3;c;396;1.300458;1;-1.28;4.72
902;0.1095;d;11;4;29;b;1;3;c;375;0.94634;0;-3.44;2.56
903;1.72909;e;38;1;28;c;0;1;a;61;0.823976;1;-2.14;3.86
904;1.24608;e;18;2;26;c;0;4;d;516;2.001141;1;-0.14;5.86
905;0.97184;e;55;3;28;b;1;4;d;507;1.676218;0;-1.25;4.75
906;-1.47845;a;21;1;18;a;1;2;b;200;1.253437;1;-0.37;5.63
907;-0.74164;b;48;1;21;c;1;1;a;157;0.590648;1;-1.35;4.65
908;-0.97599;b;12;1;18;a;1;3;c;419;1.337885;1;-2.82;3.18
909;1.32484;e;31;3;30;b;0;5;e;702;1.112381;0;-1.73;4.27
910;0.30831;d;27;6;27;a;0;6;f;855;0.457623;0;-0.72;5.28
911;-0.21019;c;44;6;43;a;1;1;a;133;2.112874;1;-1.39;4.61
912;-0.04685;c;10;2;24;b;1;5;e;626;0.571854;1;-1.33;4.67
913;-1.18036;a;28;5;27;a;1;6;f;896;0.31023;1;-1.88;4.12
914;-1.54243;a;24;6;28;a;1;3;c;444;1.16128;1;-2.13;3.87
915;-1.09527;a;2;5;27;a;1;3;c;459;0.740645;0;-0.02;5.98
916;-1.62956;a;37;2;22;a;1;2;b;202;1.019512;1;-1.98;4.02
917;1.00037;e;51;2;20;c;0;6;f;864;2.665578;0;-1.01;4.99
918;-1.33055;a;44;5;26;a;1;3;c;410;1.246553;0;-0.37;5.63
919;-1.46142;a;28;2;20;a;1;3;c;411;1.071647;0;-2.24;3.76
920;-1.57811;a;38;7;26;a;0;4;d;534;0.717924;1;-3.74;2.26
921;-0.81801;b;40;6;34;a;0;4;d;542;0.487276;1;-2.11;3.89
922;-0.1031;c;37;1;17;c;1;5;e;686;0.589032;0;2.63;8.63
923;0.49647;d;52;5;29;b;0;4;d;526;0.605199;0;0.13;6.13
924;-0.90355;b;39;9;27;a;1;6;f;841;0.45451;0;-5.76;0.24
925;-0.82371;b;36;2;23;b;1;2;b;277;0.429307;1;-0.8;5.2
926;-0.5496;c;25;9;37;b;0;4;d;517;0.48823;1;2.5;8.5
927;-0.55401;c;53;2;17;a;1;2;b;229;1.369453;0;-1.09;4.91
928;-1.47649;a;40;7;42;a;1;2;b;178;0.54522;0;-2.51;3.49
929;-0.38514;c;5;1;14;b;1;6;f;845;1.092964;1;-2.09;3.91
930;-0.41611;c;19;1;17;a;1;2;b;177;0.760832;1;-1.82;4.18
931;0.12198;d;56;4;26;c;0;4;d;548;1.480652;1;-0.78;5.22
932;-0.42869;c;50;11;41;a;1;3;c;457;0.523313;1;-2.84;3.16
933;-1.0215;b;5;4;21;a;1;2;b;293;0.259814;0;4.25;10.25
934;0.74711;d;10;5;31;c;0;6;f;871;0.598533;0;4.88;10.88
935;0.29798;d;11;5;32;c;1;4;d;598;0.491475;0;-0.76;5.24
936;-1.14579;a;36;13;42;a;1;3;c;486;1.610639;0;-1.34;4.66
937;0.08044;c;16;5;32;b;1;6;f;814;0.747434;1;-3.01;2.99
938;-0.27658;c;24;3;20;a;1;3;c;401;0.735733;0;-1.48;4.52
939;-1.28053;a;46;9;35;a;1;6;f;901;1.609678;0;-4.61;1.39
940;-0.15101;c;33;2;17;b;1;5;e;679;0.72372;0;-4.1;1.9
941;0.30767;d;23;3;20;b;1;5;e;618;0.581217;0;2.82;8.82
942;-1.01735;b;29;10;43;a;1;3;c;417;0.703464;0;-2.47;3.53
943;-1.13795;a;36;3;27;a;1;3;c;403;1.724622;0;-1.5;4.5
944;-0.4542;c;45;4;22;a;1;2;b;252;0.51094;1;-1.14;4.86
945;-1.30609;a;20;2;24;a;1;1;a;142;0.754519;1;-3.58;2.42
946;-0.59111;b;13;7;34;a;1;3;c;375;0.94634;1;-2.44;3.56
947;-0.16474;c;5;2;20;b;1;3;c;390;1.455357;1;0.12;6.12
948;-0.80927;b;6;1;18;a;1;3;c;383;1.673406;1;-1.17;4.83
949;-0.60455;b;59;1;23;a;1;6;f;840;0.376273;1;-1.46;4.54
950;0.3841;d;59;3;27;b;0;5;e;711;0.315133;0;-1.48;4.52
951;-1.53681;a;37;2;26;a;1;1;a;137;1.559909;1;-1.51;4.49
952;0.35702;d;19;5;35;a;0;1;a;78;0.648968;1;-1.56;4.44
953;-0.43917;c;37;2;27;c;1;6;f;863;0.440905;1;-1.89;4.11
954;0.83319;d;56;7;37;c;1;1;a;43;0.6776;0;0.41;6.41
955;-1.17943;a;20;7;33;b;1;2;b;244;0.398763;0;-1.5;4.5
956;-1.12681;a;38;5;26;a;1;3;c;467;0.975204;1;-1.98;4.02
957;-0.35441;c;38;8;33;a;1;1;a;14;2.620703;0;-0.09;5.91
958;-0.22013;c;47;4;29;b;1;6;f;868;0.965577;1;-2.72;3.28
959;-1.40668;a;28;6;38;a;1;1;a;122;2.269121;0;-3.5;2.5
960;1.59856;e;46;4;29;c;0;5;e;714;0.929656;1;-2.73;3.27
961;-0.99905;b;9;2;19;b;1;3;c;383;1.673406;0;-3.88;2.12
962;0.3267;d;6;1;19;b;1;1;a;25;0.319897;0;2.35;8.35
963;0.95798;e;4;4;33;c;0;6;f;800;2.933717;1;3.69;9.69
964;-1.13305;a;10;6;28;a;1;3;c;486;1.610639;0;-2.49;3.51
965;-0.75049;b;15;2;27;c;1;5;e;658;0.845367;1;0.73;6.73
966;1.08681;e;18;9;33;a;0;3;c;453;0.58552;1;-2.53;3.47
967;0.15693;d;50;3;21;a;1;5;e;633;0.197582;0;-2.93;3.07
968;0.07101;c;57;1;20;b;0;1;a;56;1.745228;1;-1.41;4.59
969;0.31372;d;36;2;34;b;1;5;e;684;0.912124;0;-4.71;1.29
970;-1.1221;a;6;1;34;a;1;3;c;415;1.202924;0;4.99;10.99
971;-1.66701;a;40;2;24;a;1;2;b;271;0.85094;1;-2.02;3.98
972;0.41066;d;55;5;24;b;1;4;d;603;2.451156;0;0.38;6.38
973;1.08728;e;30;5;35;c;0;6;f;804;0.77764;0;2.51;8.51
974;-0.7366;b;12;1;17;a;1;3;c;412;1.444954;1;-3.75;2.25
975;-0.13154;c;0;5;30;a;0;2;b;241;0.269071;1;-1.46;4.54
976;-1.12174;a;53;12;44;a;1;3;c;475;0.870182;0;-2.54;3.46
977;-0.91423;b;6;2;25;b;1;1;a;95;0.689939;1;-0.91;5.09
978;-1.48614;a;48;3;23;a;1;3;c;469;1.081609;1;-3.02;2.98
979;-1.02134;b;14;1;23;a;1;3;c;322;0.748994;1;-2.1;3.9
980;0.60771;d;24;1;21;c;1;5;e;743;0.612195;0;-0.41;5.59
981;1.09248;e;21;2;26;c;0;6;f;808;1.403438;0;2.02;8.02
982;1.91211;e;11;1;27;c;0;5;e;661;1.170663;0;4.79;10.79
983;-0.16517;c;3;4;26;b;1;1;a;6;0.999866;1;-3.04;2.96
984;-1.11383;a;31;3;21;a;1;3;c;355;0.727678;0;1.21;7.21
985;-0.87838;b;13;3;30;a;1;3;c;394;0.64804;0;0.57;6.57
986;-1.35389;a;10;7;39;a;1;2;b;258;0.358026;1;-0.75;5.25
987;0.92689;e;10;4;30;c;0;6;f;834;0.479393;0;1.4;7.4
988;-1.41576;a;18;7;29;a;1;6;f;901;1.609678;1;-4.7;1.3
989;1.5237;e;46;14;41;c;0;2;b;290;0.315152;1;-2.24;3.76
990;-1.45407;a;16;2;18;a;1;3;c;443;0.727581;0;-5.73;0.27
991;1.69185;e;5;2;23;c;0;5;e;650;0.475982;0;0.92;6.92
992;-0.8921;b;16;2;19;a;1;1;a;137;1.559909;1;-2.69;3.31
993;1.05619;e;14;1;21;b;0;1;a;85;0.523635;1;-0.21;5.79
994;-0.09478;c;19;2;21;b;1;1;a;11;1.188385;1;-1.24;4.76
995;0.00627;c;15;2;26;a;1;1;a;135;1.727341;1;-2.2;3.8
996;-1.59242;a;3;5;35;a;1;2;b;193;0.562528;1;-2.71;3.29
997;0.43084;d;5;3;19;b;1;2;b;168;0.782903;0;2.19;8.19
998;-0.30823;c;51;2;19;b;1;3;c;401;0.735733;0;-1.52;4.48
999;-0.42166;c;14;2;18;a;1;3;c;377;1.275611;0;-0.83;5.17
